Time Step,Flux
0,-0.30059853
1,1.7443812
2,1.2963375
3,1.9854499
4,1.5486506
5,1.656176
6,2.5660956
7,1.461785
8,1.7187297
9,2.0550368
10,1.6321619
11,0.5024027
12,0.66911966
13,-0.37790972
14,0.056628246
15,0.8088728
16,0.312209
17,0.017091593
18,-0.9640776
19,-0.29729807
20,-1.138161
21,-0.12352028
22,-0.7217357
23,0.033765566
24,-0.6897141
25,-1.5185575
26,-0.17254686
27,-0.707454
28,-0.22022562
29,-1.749552
30,-0.38866764
31,0.3520219
32,-1.1529953
33,-1.8384622
34,-0.13817254
35,-0.6844563
36,-0.2534532
37,-0.8798401
38,-0.36823577
39,-1.364177
40,-0.2363451
41,-0.41787905
42,-0.37623042
43,-0.34071735
44,-0.4867233
45,0.10245072
46,-0.6319193
47,-0.47152758
48,-0.60325086
49,-0.03505138
50,-1.0305774
51,-1.0256549
52,-0.67904794
53,-0.19405916
54,-1.14878
55,-1.4330044
56,-0.66467655
57,-1.0144142
58,-0.80373883
59,-0.64784116
60,-0.6324723
61,-0.7468715
62,-0.038541883
63,-2.2609797
64,-0.071982324
65,-0.08466821
66,-1.257108
67,-1.7402503
68,-1.1592351
69,-0.124047495
70,-0.4870174
71,-0.7550378
72,-0.53210884
73,-0.2815699
74,0.011364988
75,-1.5893319
76,-1.3155735
77,-0.8312671
78,-1.4992446
79,-0.92054427
80,-1.0594103
81,-0.70178634
82,-0.69630164
83,-0.8763027
84,-1.0988275
85,-1.1095128
86,-1.0595844
87,-0.8859481
88,-0.90631187
89,-0.9856851
90,-1.0884366
91,-0.75441253
92,-0.5808491
93,-0.82974344
94,-1.3765029
95,-0.076446824
96,0.018854655
97,-0.8522822
98,-0.9087878
99,-1.0032352
100,-1.4921167
101,-0.98154265
102,-0.5191689
103,-1.3187084
104,-1.0736995
105,-0.23476197
106,-0.45772636
107,-0.42213532
108,-0.7642277
109,-0.024574941
110,-0.79641235
111,-0.43532762
112,0.50021005
113,-0.041846193
114,0.6356267
115,0.5773741
116,0.8072373
117,2.1145651
118,1.2848026
119,1.2777736
120,1.45674
121,2.2875652
122,1.1822103
123,1.2033391
124,0.9544881
125,1.2039603
126,0.16006309
127,-0.7335851
128,0.2501724
129,-0.36381823
130,-0.9370074
131,-0.52673763
132,-0.49936077
133,-0.31576607
134,-1.1339338
135,-0.16315804
136,-1.0537562
137,-1.3117499
138,-0.5612299
139,-1.1840768
140,-1.41893
141,-0.59617573
142,-1.3129476
143,-1.4249923
144,-0.87560755
145,-0.427186
146,-0.18415837
147,-0.6519884
148,-0.7256924
149,-0.7632771
150,-1.3776562
151,-0.7765863
152,-1.2435892
153,-1.3756785
154,-0.3578842
155,-1.1996217
156,-0.45730686
157,-0.38893107
158,-0.857103
159,-1.0747712
160,0.015749123
161,-0.87998307
162,-1.188558
163,-0.75323105
164,-1.40003
165,-1.2330782
166,-1.3444482
167,-1.0657438
168,-0.45610896
169,-1.2809919
170,-0.40035272
171,-0.63007563
172,-1.2420951
173,-0.8038142
174,-0.97036135
175,-0.7233572
176,-0.7418715
177,-0.56303245
178,-0.8334319
179,-1.0290191
180,-0.5478399
181,-0.67885846
182,-0.5018226
183,-0.93003076
184,-1.1132506
185,-1.2611529
186,-1.2894646
187,-1.0107918
188,-0.9236592
189,-0.6453508
190,-0.9259726
191,-1.3608649
192,-0.591901
193,-1.0738281
194,-0.52992445
195,-0.7459657
196,-0.83780456
197,-1.1437387
198,-0.7481327
199,-0.2862543
200,-0.378496
201,-1.2297915
202,-0.77049345
203,-0.9620616
204,-0.8790392
205,-1.1654314
206,-1.1393889
207,-0.6552682
208,-0.6949353
209,-1.0015966
210,-0.7488252
211,-1.1613497
212,-0.2597596
213,-0.8948119
214,-0.65490645
215,-1.6489061
216,-1.0916893
217,-0.49617112
218,-2.0257227
219,-0.6431582
220,-1.340385
221,-0.27271536
222,-0.8677663
223,-0.5562559
224,-1.1100804
225,-1.8829918
226,-0.6248789
227,-1.1187792
228,-0.883261
229,-0.7370326
230,-0.84362364
231,-0.4695616
232,-1.3684733
233,-0.34051985
234,-0.93836457
235,-1.1647148
236,-0.25213382
237,-0.7990266
238,-0.8637776
239,-0.7278829
240,-0.7211688
241,-0.7993207
242,-0.8625276
243,-0.6892074
244,-0.45820928
245,-0.8563743
246,-1.2246518
247,-1.5517292
248,-1.2345835
249,-1.0092317
250,-0.48624554
251,-1.4287148
252,-0.6270975
253,-0.8181997
254,-0.18115292
255,-0.25525263
256,-0.5707664
257,-0.014520083
258,0.1764104
259,1.2791693
260,1.7684284
261,2.6555338
262,3.5969367
263,4.4925714
264,4.9185066
265,5.4590635
266,4.9957175
267,4.515968
268,3.3585513
269,2.1972075
270,1.7486635
271,1.2612498
272,0.24914147
273,0.4770132
274,-0.30281237
275,-0.3859864
276,0.017984366
277,-0.6883625
278,-0.7934832
279,-0.810608
280,-0.72836345
281,-0.99717605
282,-0.6452665
283,-0.37430003
284,-0.9350814
285,-1.2360651
286,-0.81411123
287,-0.67408854
288,-1.1877093
289,-1.1821389
290,-0.5921351
291,-0.77743715
292,-0.9270052
293,-0.27382043
294,-0.75935143
295,-0.8803198
296,-1.188825
297,-0.82453907
298,-0.67806095
299,-1.0411489
300,-0.9070123
301,-0.5800788
302,-0.52134603
303,-0.33445713
304,-0.6590713
305,-0.67022973
306,-0.94792926
307,-1.0424572
308,-0.87639314
309,-0.5752798
310,-0.6604918
311,-0.92500037
312,-0.5419876
313,-0.74835205
314,-0.60388756
315,-0.9804923
316,-0.3743504
317,-0.058135435
318,-0.4502446
319,0.0023514926
320,-0.878947
321,-1.2381456
322,-0.601192
323,-0.6120465
324,-0.63420755
325,-0.49503803
326,-0.5502445
327,-0.47701597
328,-0.72659487
329,0.06942473
330,-0.54047483
331,-0.82441694
332,-0.70268095
333,-0.81500834
334,-0.14593878
335,-0.7712975
336,-0.47748613
337,-0.49649006
338,-0.40060318
339,-0.9021714
340,-0.63337445
341,-0.64671594
342,-0.9053351
343,-0.6711482
344,-0.49099573
345,-0.35682315
346,-0.65113425
347,-1.0003923
348,-0.43626904
349,-0.58612156
350,-0.8632085
351,-0.7390264
352,-0.65395635
353,-0.8141588
354,-0.9760836
355,-0.75442046
356,-0.85615516
357,-0.70189404
358,-0.31737906
359,-0.65212655
360,-0.9296334
361,-1.1879075
362,-1.1490103
363,-0.61397624
364,-0.6402613
365,-0.61919796
366,-0.67817914
367,-0.71997213
368,-0.49804854
369,-0.63764864
370,-1.0374577
371,-0.5574954
372,-0.7079402
373,-0.85558844
374,-0.09398622
375,-1.0822829
376,-0.8831167
377,-1.0003933
378,-0.8043591
379,-1.1332529
380,-0.5425933
381,-0.47404784
382,-0.80930287
383,-0.661354
384,-0.6755671
385,-1.3329917
386,-0.8543601
387,-1.0351143
388,-0.83772755
389,-0.67805916
390,-0.59907275
391,-0.93298256
392,-0.39210293
393,-1.0149397
394,-0.5367568
395,-0.9374377
396,-0.86541027
397,-0.868154
398,-0.8495563
399,-0.6914112
400,-0.489129
401,-0.986955
402,-0.7347099
403,-0.5360946
404,-0.51385385
405,-0.94129103
406,-0.9260329
407,-0.59708375
408,-0.8062567
409,-1.0626837
410,-0.7441576
411,-1.0711365
412,-1.0810515
413,-0.91801167
414,-0.91054887
415,-0.81369907
416,-0.92848116
417,-0.91656375
418,-0.6358989
419,-1.2644362
420,-1.1095928
421,-0.772946
422,-0.5508034
423,-1.2837036
424,-1.0064819
425,-0.91725934
426,-0.53256446
427,-1.3229904
428,-1.2017545
429,-0.9800052
430,-1.3442901
431,-1.0252949
432,-0.89173627
433,-0.4867487
434,-1.11806
435,-0.9261195
436,-0.92698246
437,-0.8305057
438,-1.236037
439,-0.7485492
440,-0.77661395
441,-0.85466456
442,-0.99731183
443,-0.9041654
444,-1.0423353
445,-0.66216075
446,-0.77983123
447,-0.9674131
448,-0.80885404
449,-1.0923964
450,-1.1354206
451,-1.2535877
452,-1.2320126
453,-0.98099333
454,-0.69641817
455,-0.9228101
456,-0.59363663
457,-0.57389677
458,-0.88226056
459,-0.9060336
460,-1.3409235
461,-0.99354285
462,-0.9703944
463,-0.96972144
464,-1.0467937
465,-0.6534527
466,-1.5602913
467,-0.9406608
468,-0.9267463
469,-0.89004475
470,-0.71792567
471,-0.6448805
472,-1.4578192
473,-0.7700745
474,-0.59671533
475,-0.8279415
476,-1.0473714
477,-0.8330706
478,-0.81896645
479,-1.2184685
480,-0.855035
481,-1.3385808
482,-0.997423
483,-0.80188596
484,-0.8595778
485,-1.1440612
486,-1.3386974
487,-1.0286922
488,-0.6358082
489,-1.053336
490,-1.0427974
491,-0.7624938
492,-0.9125576
493,-1.2022603
494,-1.2153066
495,-0.6986003
496,-0.9815086
497,-0.82570916
498,-0.8896524
499,-0.593941
500,-0.80685455
501,-0.6122599
502,-0.7026537
503,-0.9062223
504,-0.91121656
505,-0.39403388
506,-0.5487962
507,-0.86646616
508,-0.7451945
509,-1.0943621
510,-1.0471901
511,-0.617711
512,-0.48761564
513,-0.7131427
514,-0.8633339
515,-0.8641643
516,-0.8530963
517,-1.0704066
518,-1.0977145
519,-0.8531544
520,-0.7373224
521,-0.7483823
522,-0.71039313
523,-1.0806516
524,-0.34098423
525,-0.41780388
526,-0.14707467
527,-0.2210619
528,-0.11013965
529,-0.054701068
530,0.75114095
531,0.22381248
532,0.6442021
533,0.63541126
534,0.6121769
535,0.92595553
536,0.93074656
537,0.64532125
538,0.44676065
539,0.6603988
540,-0.09683131
541,0.078364044
542,-0.27371722
543,-0.59517074
544,-0.1244987
545,-0.8747516
546,-0.5842127
547,-0.7503988
548,-0.85983086
549,-0.7009064
550,-0.7928925
551,-0.9609232
552,-0.7060644
553,-0.54972094
554,-0.4363075
555,-1.0163381
556,-0.8056479
557,-0.8087215
558,-0.7174369
559,-0.72345257
560,-1.0907573
561,-0.8014194
562,-0.6398898
563,-0.7229236
564,-0.6134959
565,-0.9055694
566,-0.37021524
567,-1.049812
568,-0.46953398
569,-0.94463354
570,-0.6697207
571,-0.900618
572,-1.0737237
573,-0.7643443
574,-0.4258234
575,-0.8022147
576,-0.70435953
577,-0.8770444
578,-0.5798455
579,-0.47795838
580,-0.7343386
581,-0.6063418
582,-0.65871656
583,-0.84497774
584,-0.54689187
585,-0.756874
586,-0.5395207
587,-0.5097181
588,-0.56379783
589,-0.5134457
590,-0.7851454
591,-0.80053824
592,-0.82528573
593,-0.6142493
594,-0.97205496
595,-0.71969455
596,-0.57138985
597,-0.6393236
598,-0.77821505
599,-0.7123917
600,-0.62836576
601,-1.019231
602,-0.641914
603,-0.6479453
604,-1.0442594
605,-0.59115195
606,-0.6717364
607,-0.71484613
608,-0.6153652
609,-0.8640263
610,-0.3025645
611,-0.5156265
612,-1.2300632
613,-0.6112627
614,-0.58946157
615,-0.44363108
616,-0.69242716
617,-0.51514024
618,-0.8207945
619,-0.82351977
620,-0.5773103
621,-0.43335107
622,-0.6469646
623,-0.7678314
624,-0.381759
625,-0.69418466
626,-0.6437938
627,-0.7888086
628,-0.65737486
629,-0.7045907
630,-0.675656
631,-1.0389148
632,-0.6660466
633,-0.56618315
634,-1.1336248
635,-0.7949564
636,-0.9473311
637,-0.8289477
638,-0.46493247
639,-0.7960959
640,-0.78036267
641,-0.860232
642,-0.7345448
643,-0.81979144
644,-0.92477036
645,-1.038246
646,-0.91064715
647,-0.76420665
648,-0.79138505
649,-0.56883186
650,-0.7641751
651,-1.0675626
652,-0.65105903
653,-0.8043811
654,-0.968599
655,-0.6371034
656,-0.5078958
657,-1.0754861
658,-1.1224736
659,-0.8915737
660,-0.56710786
661,-0.80410075
662,-1.1166123
663,-0.9701044
664,-0.75527626
665,-0.82670915
666,-0.97454524
667,-0.7268398
668,-0.9255746
669,-0.9163521
670,-0.8256115
671,-0.8074194
672,-0.7730141
673,-0.71985805
674,-1.070514
675,-0.9716594
676,-1.0285509
677,-0.7430531
678,-0.5317187
679,-0.8973141
680,-1.0015402
681,-0.72270936
682,-0.676208
683,-0.7127047
684,-0.7527262
685,-1.1167731
686,-0.7247512
687,-0.8854641
688,-1.1262435
689,-0.73321134
690,-0.58502203
691,-1.009545
692,-1.0512226
693,-0.76434004
694,-1.0179696
695,-0.6313479
696,-0.827854
697,-0.90678966
698,-0.75114244
699,-0.7832957
700,-1.0332898
701,-0.9268228
702,-0.8061711
703,-0.9652008
704,-0.8666232
705,-1.0314583
706,-0.8575516
707,-1.008851
708,-1.04359
709,-0.85088605
710,-0.727525
711,-0.9938281
712,-0.7092023
713,-1.0928717
714,-0.9204217
715,-1.0041237
716,-1.0263864
717,-0.8920427
718,-0.93542695
719,-0.5967929
720,-0.8876252
721,-0.6457137
722,-0.91189
723,-1.0864632
724,-1.038319
725,-1.2321713
726,-1.0947227
727,-1.1486887
728,-0.82405573
729,-0.84829205
730,-0.6738854
731,-0.6003714
732,-0.92544806
733,-0.94695497
734,-0.7909084
735,-1.0475117
736,-1.0481883
737,-0.6487676
738,-1.0139885
739,-1.0659505
740,-0.787322
741,-0.82960236
742,-0.97749406
743,-1.0460645
744,-0.99558985
745,-0.7082833
746,-0.9716472
747,-1.0260239
748,-0.94258976
749,-0.9796106
750,-0.9506245
751,-0.8217029
752,-0.8586916
753,-1.0645597
754,-0.5994095
755,-1.1088444
756,-0.98585755
757,-0.68833727
758,-0.99391735
759,-1.0119318
760,-0.82596076
761,-0.9834107
762,-0.79000413
763,-1.1220355
764,-1.1441798
765,-0.70827717
766,-1.2805105
767,-0.7368725
768,-0.7694599
769,-0.8932038
770,-0.6288012
771,-0.95333034
772,-0.5241829
773,-0.72477716
774,-0.8910465
775,-0.9827948
776,-1.0392311
777,-0.97409135
778,-0.6927208
779,-0.7872776
780,-0.7851581
781,-0.98833317
782,-0.43385184
783,-0.3694608
784,0.026270382
785,0.29569656
786,0.32720703
787,0.44701207
788,0.46468765
789,0.07662083
790,0.8476773
791,0.7861161
792,0.56377244
793,0.3540202
794,0.08470634
795,-0.046450812
796,-0.08891216
797,-0.30964702
798,-0.082192
799,-0.03676709
800,-0.6339646
801,-0.41488996
802,-0.7583156
803,-0.58966786
804,-0.6663555
805,-0.5537572
806,-0.70584625
807,-0.57849294
808,-0.55400157
809,-0.88048095
810,-0.5382345
811,-0.8905114
812,-0.6044585
813,-0.8987798
814,-0.81356907
815,-0.7918476
816,-0.68483114
817,-0.9850801
818,-0.76412946
819,-0.60207283
820,-0.8051415
821,-0.83421415
822,-0.6826145
823,-0.9912048
824,-0.6155107
825,-0.65184724
826,-0.8159991
827,-0.7237314
828,-0.5884354
829,-0.8017725
830,-0.91167265
831,-0.709214
832,-0.9327762
833,-0.50216293
834,-0.9305389
835,-1.0662299
836,-0.7178056
837,-0.641316
838,-0.49764308
839,-0.731884
840,-0.635095
841,-0.7905006
842,-0.76794124
843,-1.0088165
844,-0.6312279
845,-0.77359384
846,-0.70827675
847,-0.5144844
848,-0.53239566
849,-0.81374234
850,-0.9786783
851,-0.90077525
852,-0.6790551
853,-0.83987164
854,-0.65272963
855,-0.50085783
856,-0.6828906
857,-0.7088867
858,-0.6370256
859,-0.6956609
860,-0.63680565
861,-1.0054159
862,-0.60106826
863,-0.8529223
864,-0.76391643
865,-0.6335776
866,-0.5070959
867,-0.9379181
868,-0.64237976
869,-0.7170287
870,-0.6590024
871,-0.63200134
872,-0.6098113
873,-0.8547093
874,-0.5488707
875,-0.90137595
876,-0.6583226
877,-0.6861446
878,-0.7185074
879,-0.39594874
880,-0.9695267
881,-0.6505781
882,-0.72773576
883,-0.95813924
884,-0.50225693
885,-0.9973855
886,-0.6135337
887,-0.9154441
888,-0.9260784
889,-0.81215686
890,-0.86387706
891,-0.8978228
892,-0.5974604
893,-0.7282977
894,-0.81637496
895,-0.7601547
896,-0.70383906
897,-0.9401669
898,-0.62302405
899,-0.9901561
900,-0.7054081
901,-0.5242648
902,-0.83410996
903,-0.6749091
904,-0.58749133
905,-0.73146737
906,-0.9089715
907,-0.4871327
908,-0.7082439
909,-0.67557377
910,-0.6015423
911,-0.57917905
912,-0.9629113
913,-0.74664426
914,-0.7245097
915,-0.57306886
916,-0.46499214
917,-0.8151515
918,-1.1098611
919,-0.8604816
920,-0.81346047
921,-0.96792763
922,-0.9716134
923,-0.8459092
924,-0.9154547
925,-0.8886686
926,-0.7144915
927,-0.780584
928,-1.1359881
929,-1.0090442
930,-0.56271416
931,-0.7413517
932,-0.7554765
933,-0.79675
934,-0.9680166
935,-0.7735951
936,-1.0796021
937,-0.76390296
938,-1.1407628
939,-1.0360641
940,-0.60612816
941,-0.91320413
942,-0.73581505
943,-0.84427214
944,-0.61703396
945,-1.030789
946,-0.9901184
947,-0.6690491
948,-0.95479465
949,-0.73672354
950,-1.2442582
951,-0.44309005
952,-0.6691049
953,-0.5570318
954,-0.96472347
955,-0.8532334
956,-0.80845
957,-0.671546
958,-1.0487612
959,-0.580535
960,-0.9701028
961,-0.7917898
962,-0.90328026
963,-0.9178226
964,-0.89614886
965,-1.0203644
966,-0.83287764
967,-0.95362157
968,-1.0215797
969,-0.87822074
970,-0.8098265
971,-0.6783098
972,-1.0133276
973,-0.98148435
974,-1.137812
975,-0.787927
976,-0.9339603
977,-0.857084
978,-0.84184957
979,-0.78307694
980,-0.8428859
981,-1.3104765
982,-0.95539117
983,-1.4215654
984,-0.8323691
985,-0.95588285
986,-1.1768467
987,-0.96053565
988,-1.0718527
989,-0.85286736
990,-0.9244165
991,-1.1334494
992,-1.1286342
993,-1.124908
994,-0.8615725
995,-0.8918606
996,-0.62939715
997,-1.2026865
998,-1.0602784
999,-0.82000923
1000,-0.9727233
1001,-0.6905482
1002,-1.065145
1003,-1.0667943
1004,-1.0597566
1005,-0.9555809
1006,-0.95814013
1007,-0.8997104
1008,-0.94014704
1009,-1.0129732
1010,-0.9446647
1011,-0.96643776
1012,-1.0979384
1013,-0.7871221
1014,-0.7996628
1015,-0.8852831
1016,-0.88525844
1017,-0.8805498
1018,-1.1786191
1019,-1.0913627
1020,-0.898775
1021,-0.9440844
1022,-0.92031795
1023,-0.87060565
1024,-0.90601975
1025,-0.8659079
1026,-0.88011736
1027,-0.63379556
1028,-0.8770832
1029,-0.9674421
1030,-1.2192682
1031,-0.7185198
1032,-1.0859185
1033,-0.75982636
1034,-0.83035505
1035,-0.75241363
1036,-0.7938139
1037,-0.8059517
1038,-0.69697636
1039,-0.624408
1040,-0.78209996
1041,-0.7488655
1042,-0.77818364
1043,-0.8430394
1044,-0.7406374
1045,-0.45535985
1046,-1.0320735
1047,-0.7944072
1048,-0.9790895
1049,-0.8806423
1050,-0.5962616
1051,-0.7135283
1052,-0.77665055
1053,-0.61391777
1054,-0.9272517
1055,-0.7201988
1056,-0.7077664
1057,-0.6456422
1058,-0.13636768
1059,-0.26037514
1060,-0.5157976
1061,-0.260721
1062,-0.35381132
1063,-0.3482587
1064,0.18210441
1065,0.24769711
1066,0.35226667
1067,-0.27154702
1068,-0.14649232
1069,-0.020239979
1070,-0.4065263
1071,-0.6949923
1072,-0.16120376
1073,-0.49915117
1074,-0.5173275
1075,-0.32246524
1076,-0.53044975
1077,-0.53295165
1078,-0.7115914
1079,-0.8295556
1080,-0.7810998
1081,-0.8125889
1082,-0.72707444
1083,-0.6736062
1084,-0.8454778
1085,-0.6970906
1086,-0.8419053
1087,-0.76621735
1088,-0.8716194
1089,-0.4478274
1090,-0.86236507
1091,-0.88129354
1092,-0.67778563
1093,-0.47647658
1094,-0.7003451
1095,-0.7385838
1096,-0.7489661
1097,-0.7860951
1098,-0.46421725
1099,-0.8221323
1100,-0.7367973
1101,-1.2037903
1102,-0.5994274
1103,-0.47558668
1104,-0.42496684
1105,-0.6530243
1106,-0.45490044
1107,-0.59744316
1108,-0.7362309
1109,-0.5296799
1110,-0.6544977
1111,-0.5060845
1112,-0.7870084
1113,-0.89200515
1114,-0.91399795
1115,-0.66164804
1116,-0.80213505
1117,-0.78555024
1118,-0.399586
1119,-0.69073397
1120,-0.6021132
1121,-0.44692123
1122,-0.77928597
1123,-0.5843842
1124,-0.6918337
1125,-0.9273462
1126,-0.4491181
1127,-0.56505936
1128,-0.8548442
1129,-0.545528
1130,-0.8190948
1131,-0.6145733
1132,-0.844952
1133,-0.9920798
1134,-0.6962213
1135,-0.9551621
1136,-0.7868554
1137,-0.7656474
1138,-0.9730899
1139,-0.6742733
1140,-0.7162729
1141,-0.86385316
1142,-0.8538452
1143,-0.5621164
1144,-0.7489865
1145,-0.72436583
1146,-0.65406615
1147,-0.8640388
1148,-0.9650439
1149,-0.98749363
1150,-0.7489267
1151,-0.5159706
1152,-0.99644655
1153,-0.60079867
1154,-0.83998823
1155,-0.9707419
1156,-0.795539
1157,-0.97651047
1158,-0.40550792
1159,-0.8026211
1160,-0.8047402
1161,-0.99343336
1162,-0.8903918
1163,-0.88022864
1164,-0.42282107
1165,-0.80306333
1166,-0.7891722
1167,-0.619159
1168,-0.7825987
1169,-0.8369086
1170,-0.76063883
1171,-0.7744141
1172,-0.9235697
1173,-1.0109382
1174,-0.8690828
1175,-1.033625
1176,-0.66238135
1177,-0.8924732
1178,-0.82681817
1179,-0.9594505
1180,-0.8391025
1181,-0.89073175
1182,-0.41845405
1183,-0.68069744
1184,-0.8801196
1185,-0.969168
1186,-0.5063338
1187,-0.77087957
1188,-0.8827599
1189,-0.84217036
1190,-1.0544838
1191,-0.9336129
1192,-0.59699315
1193,-0.5095093
1194,-0.82731515
1195,-0.6181989
1196,-0.79321045
1197,-1.0635369
1198,-0.775962
1199,-0.89103794
1200,-0.7023145
1201,-1.0073018
1202,-0.8409605
1203,-0.46361217
1204,-0.7003293
1205,-0.9734556
1206,-1.0794541
1207,-1.1273028
1208,-0.91260695
1209,-0.89686984
1210,-0.5158807
1211,-0.91551536
1212,-1.0882518
1213,-0.8211737
1214,-0.46640825
1215,-1.1487696
1216,-0.9988161
1217,-1.2485536
1218,-0.7787211
1219,-0.91434854
1220,-0.99585795
1221,-0.8600688
1222,-1.1370397
1223,-1.0894828
1224,-0.82761157
1225,-1.0390197
1226,-0.84231293
1227,-0.7405038
1228,-0.8142538
1229,-1.190311
1230,-0.82942
1231,-1.0003736
1232,-0.98657167
1233,-0.8926728
1234,-0.90228015
1235,-1.073845
1236,-1.2672738
1237,-1.1940322
1238,-1.216825
1239,-0.9125171
1240,-1.005063
1241,-1.162645
1242,-0.9570717
1243,-0.83330303
1244,-0.8895684
1245,-0.9693324
1246,-0.84373736
1247,-0.7712435
1248,-0.6883665
1249,-0.58002996
1250,-0.93357146
1251,-0.88999254
1252,-0.7531504
1253,-1.0504055
1254,-0.9024658
1255,-1.0826558
1256,-1.0722739
1257,-0.92283595
1258,-0.86145854
1259,-0.811683
1260,-0.7363099
1261,-1.0934736
1262,-1.1933833
1263,-0.77422786
1264,-1.0689313
1265,-0.993963
1266,-0.6617104
1267,-1.2088944
1268,-0.81915313
1269,-1.0708684
1270,-0.8278531
1271,-0.887926
1272,-1.1333625
1273,-0.84503585
1274,-1.1045882
1275,-1.0128015
1276,-0.9903171
1277,-1.3182998
1278,-1.0992749
1279,-0.8550907
1280,-0.74549943
1281,-0.55845994
1282,-0.88951683
1283,-1.1903361
1284,-0.9340735
1285,-0.87234145
1286,-0.68065053
1287,-0.7342389
1288,-0.8365492
1289,-1.0279092
1290,-0.94031644
1291,-0.7094628
1292,-0.9393783
1293,-0.64141726
1294,-1.0642927
1295,-0.6256809
1296,-0.8066926
1297,-0.91305846
1298,-1.0631632
1299,-0.7692188
1300,-0.82685316
1301,-0.9178803
1302,-0.9334602
1303,-0.81497824
1304,-0.9147691
1305,-0.8312532
1306,-0.8584341
1307,-0.70398295
1308,-0.6198878
1309,-0.7047824
1310,-0.9041442
1311,-0.79121524
1312,-1.1715094
1313,-0.47463396
1314,-0.7424851
1315,-0.24995798
1316,-0.7697948
1317,-0.5041705
1318,-0.24532722
1319,-0.6069823
1320,-0.31978345
1321,-0.49379447
1322,0.053484604
1323,-0.026674753
1324,-0.049190782
1325,-0.18354592
1326,0.050882913
1327,0.013452705
1328,0.18749525
1329,-0.36808565
1330,-0.11350688
1331,-0.24538739
1332,-0.5551649
1333,-0.42540297
1334,-0.33256423
1335,-0.4294156
1336,-0.7953213
1337,-0.86090153
1338,-0.83923906
1339,-0.90341765
1340,-0.5889728
1341,-0.5323518
1342,-0.7253355
1343,-0.9455954
1344,-0.7618357
1345,-0.6012711
1346,-0.88407993
1347,-1.0677906
1348,-0.69495934
1349,-0.95770967
1350,-0.41278028
1351,-0.7044377
1352,-0.8010218
1353,-1.0907688
1354,-0.787217
1355,-0.83799976
1356,-0.8059876
1357,-0.77282864
1358,-0.63559794
1359,-0.6398731
1360,-0.6165447
1361,-0.4457908
1362,-0.55295277
1363,-0.73308945
1364,-0.77165884
1365,-0.73622715
1366,-0.68239063
1367,-0.8792903
1368,-0.65029687
1369,-0.78370285
1370,-0.6780322
1371,-0.5317473
1372,-0.82921517
1373,-0.8830996
1374,-0.8056208
1375,-0.4310639
1376,-0.5660927
1377,-1.0739836
1378,-0.429813
1379,-1.0504246
1380,-0.5078101
1381,-0.62717426
1382,-0.48207402
1383,-0.7736914
1384,-0.56972015
1385,-0.75811195
1386,-0.8253287
1387,-0.6659112
1388,-0.7173654
1389,-0.77064043
1390,-0.99370724
1391,-0.82850873
1392,-0.7954683
1393,-0.8555709
1394,-0.5821404
1395,-0.620467
1396,-0.55563104
1397,-0.6594921
1398,-0.70955944
1399,-0.55505085
1400,-0.7187602
1401,-0.9530006
1402,-0.9990533
1403,-0.8691482
1404,-0.70262593
1405,-0.74404186
1406,-0.6350554
1407,-0.8715506
1408,-0.6554292
1409,-0.6366797
1410,-1.005487
1411,-0.8162578
1412,-0.49270213
1413,-0.78828907
1414,-0.7061205
1415,-0.4994877
1416,-0.78680295
1417,-1.000594
1418,-0.58088374
1419,-0.9816732
1420,-0.8594182
1421,-0.95148486
1422,-0.64969945
1423,-0.47140434
1424,-0.85310096
1425,-0.61271477
1426,-1.0504096
1427,-0.8179605
1428,-0.87873346
1429,-0.49749547
1430,-0.6194982
1431,-0.7183738
1432,-0.8283195
1433,-0.89138734
1434,-0.6152965
1435,-0.38913536
1436,-0.7611265
1437,-0.5743227
1438,-0.6914843
1439,-0.94444984
1440,-0.69028175
1441,-0.6591382
1442,-0.82065296
1443,-0.68328714
1444,-0.9000479
1445,-0.61784506
1446,-0.80412114
1447,-0.78028226
1448,-0.8826015
1449,-0.8834541
1450,-1.0439894
1451,-0.9432672
1452,-0.881314
1453,-0.8561682
1454,-0.56633013
1455,-0.95903164
1456,-0.8756819
1457,-1.0446575
1458,-1.1762757
1459,-0.76456547
1460,-0.6670542
1461,-1.2883136
1462,-0.8581987
1463,-1.0198551
1464,-1.0295974
1465,-0.94045895
1466,-0.7374851
1467,-0.7683117
1468,-0.7799497
1469,-0.80003446
1470,-1.1763453
1471,-0.6020343
1472,-0.5230872
1473,-0.993882
1474,-0.87348425
1475,-0.85260415
1476,-1.1391393
1477,-0.7641822
1478,-0.85733587
1479,-0.69361544
1480,-0.54292125
1481,-0.9813858
1482,-1.035011
1483,-0.7295374
1484,-1.03861
1485,-0.8322977
1486,-0.8606739
1487,-0.7769859
1488,-0.737063
1489,-0.73291427
1490,-1.0642871
1491,-0.52238405
1492,-0.7609922
1493,-0.90216863
1494,-1.0873946
1495,-1.0542562
1496,-1.060984
1497,-1.1584654
1498,-0.9457462
1499,-0.8837175
1500,-0.7308325
1501,-0.8652695
1502,-0.8135589
1503,-0.953973
1504,-0.7223171
1505,-0.8626393
1506,-0.9916781
1507,-0.8324978
1508,-0.9687416
1509,-0.73085064
1510,-0.933585
1511,-1.2220541
1512,-1.001185
1513,-0.9405839
1514,-0.9628722
1515,-0.9431655
1516,-0.96586347
1517,-0.9332787
1518,-0.6115511
1519,-0.97227025
1520,-1.0106546
1521,-1.2064003
1522,-0.9209363
1523,-0.88020563
1524,-0.81998104
1525,-0.8013409
1526,-0.8061607
1527,-0.78215253
1528,-1.0731493
1529,-1.078472
1530,-0.8709598
1531,-0.9180142
1532,-0.94520247
1533,-0.6824627
1534,-1.1735225
1535,-0.77346534
1536,-0.7641771
1537,-0.84260845
1538,-0.77858686
1539,-0.7715484
1540,-0.9673273
1541,-0.9763765
1542,-0.97814316
1543,-0.9198289
1544,-1.1253135
1545,-1.0470625
1546,-0.9360034
1547,-0.8103816
1548,-0.8777748
1549,-0.8901068
1550,-0.637643
1551,-0.74252087
1552,-0.691873
1553,-1.09634
1554,-0.87530184
1555,-0.8416154
1556,-1.0266298
1557,-0.65876293
1558,-0.6418641
1559,-0.7413749
1560,-0.8262986
1561,-1.0294993
1562,-0.9691843
1563,-0.9804013
1564,-0.86765045
1565,-0.8390469
1566,-0.87223595
1567,-0.9522271
1568,-1.1927898
1569,-0.9420253
1570,-0.8119504
1571,-0.5435873
1572,-1.0745966
1573,-1.1894151
1574,-0.77746785
1575,-0.8655597
1576,-0.775466
1577,-0.7499275
1578,-0.79097605
1579,-0.97231424
1580,-0.7154417
1581,-0.70197743
1582,-0.5912088
1583,-0.73337805
1584,-0.8724502
1585,-0.6510552
1586,-0.6496401
1587,-0.5699251
1588,-0.53620464
1589,-0.59888697
1590,-0.18785231
1591,-0.54858637
1592,0.16032559
1593,-0.14447644
1594,-0.15150107
1595,0.09111896
1596,0.07963463
1597,-0.05600782
1598,-0.25589108
1599,-0.07539177
1600,-0.4586435
1601,-0.30948365
1602,-0.22456865
1603,-0.18863255
1604,-0.6148799
1605,-0.6440196
1606,-0.7403246
1607,-0.6913739
1608,-0.5828206
1609,-0.8315594
1610,-0.44965178
1611,-0.9072021
1612,-0.6528197
1613,-0.87141657
1614,-0.24268429
1615,-0.47326475
1616,-0.7403545
1617,-0.7318302
1618,-0.9548724
1619,-0.54382306
1620,-0.9723995
1621,-0.5873347
1622,-0.47484246
1623,-0.5582797
1624,-1.0026454
1625,-0.41052142
1626,-0.92132306
1627,-0.52195764
1628,-0.963816
1629,-0.818341
1630,-0.6619088
1631,-0.7248034
1632,-0.5667319
1633,-0.6777147
1634,-0.8146856
1635,-0.63484585
1636,-0.6897977
1637,-0.78874654
1638,-0.6216176
1639,-0.6967236
1640,-0.73435944
1641,-0.5355027
1642,-0.6077396
1643,-0.6643562
1644,-0.8373284
1645,-0.5521802
1646,-0.62000763
1647,-0.67814505
1648,-0.49177855
1649,-0.66248524
1650,-0.7618155
1651,-0.9772619
1652,-0.4589029
1653,-0.7950351
1654,-0.56065714
1655,-0.57016855
1656,-0.5639368
1657,-0.567933
1658,-0.7597848
1659,-0.8292255
1660,-0.7983063
1661,-0.5943702
1662,-0.6220884
1663,-0.7964083
1664,-0.53635037
1665,-0.787202
1666,-0.95080155
1667,-0.53139406
1668,-0.9611625
1669,-0.6599886
1670,-0.7269135
1671,-0.5853866
1672,-0.87399614
1673,-0.61333966
1674,-0.65140474
1675,-0.9039704
1676,-0.9057708
1677,-0.6886978
1678,-0.70677555
1679,-0.4759149
1680,-0.78912455
1681,-0.81486726
1682,-0.6634185
1683,-0.50994384
1684,-1.0282409
1685,-0.75371975
1686,-0.39837605
1687,-0.70361394
1688,-0.81780916
1689,-1.0255961
1690,-0.8887394
1691,-0.44818482
1692,-0.81652945
1693,-0.7222621
1694,-1.0957023
1695,-0.7799843
1696,-0.5958124
1697,-0.77601945
1698,-0.79001325
1699,-0.66963637
1700,-0.8582354
1701,-0.6665591
1702,-1.2689829
1703,-0.71032864
1704,-0.7835524
1705,-0.745192
1706,-0.47622603
1707,-1.0216671
1708,-0.94766057
1709,-0.6941137
1710,-0.89582425
1711,-0.7948783
1712,-0.64676106
1713,-0.8486846
1714,-1.0366602
1715,-0.7798495
1716,-0.7325607
1717,-0.8142835
1718,-1.1331724
1719,-0.9100995
1720,-0.7134261
1721,-0.7797251
1722,-0.62017775
1723,-0.66256344
1724,-0.8540837
1725,-0.9191651
1726,-0.7337711
1727,-0.8220214
1728,-0.9150482
1729,-0.76202714
1730,-0.89904654
1731,-0.31597295
1732,-1.1514058
1733,-0.85138726
1734,-0.7649318
1735,-1.1323441
1736,-1.005309
1737,-0.9585786
1738,-0.8804914
1739,-0.73092735
1740,-0.69790095
1741,-1.0827187
1742,-0.90378165
1743,-1.0609758
1744,-0.90015435
1745,-0.59017634
1746,-1.0250907
1747,-1.0396309
1748,-0.9142034
1749,-0.6491138
1750,-0.8553023
1751,-0.98722357
1752,-0.80729604
1753,-0.8738178
1754,-0.7700149
1755,-0.766597
1756,-0.93279344
1757,-0.7908055
1758,-0.853562
1759,-0.93687826
1760,-0.78822345
1761,-0.88465726
1762,-1.1085665
1763,-0.942847
1764,-0.7241512
1765,-1.2089633
1766,-0.95204186
1767,-0.90835464
1768,-1.0418527
1769,-1.1089861
1770,-1.0380992
1771,-1.0392452
1772,-1.1224991
1773,-1.1073798
1774,-0.952287
1775,-0.9878674
1776,-0.7952019
1777,-0.9928161
1778,-0.9991637
1779,-1.1307057
1780,-0.89377683
1781,-0.70701194
1782,-1.0068703
1783,-1.0327672
1784,-1.0818968
1785,-1.2088972
1786,-0.918013
1787,-0.8104589
1788,-0.8718615
1789,-0.8828981
1790,-0.94878364
1791,-0.9613475
1792,-0.9127692
1793,-0.69544166
1794,-0.8164672
1795,-1.1379741
1796,-0.6861678
1797,-1.0589775
1798,-0.8749578
1799,-0.7640031
1800,-0.8996002
1801,-1.2431713
1802,-0.95541453
1803,-0.65743196
1804,-0.87066555
1805,-0.5638376
1806,-0.8416184
1807,-0.9591047
1808,-0.80537146
1809,-0.72050154
1810,-0.9657937
1811,-1.1084206
1812,-1.019694
1813,-1.0073708
1814,-0.92838013
1815,-0.8977501
1816,-1.0017674
1817,-0.9855702
1818,-0.7223679
1819,-0.9527821
1820,-0.9846119
1821,-0.64535224
1822,-0.9489854
1823,-1.0402607
1824,-1.0674987
1825,-1.1256642
1826,-0.8664582
1827,-0.7494992
1828,-1.1074052
1829,-1.137535
1830,-1.0560542
1831,-0.7658453
1832,-0.7529767
1833,-0.5249561
1834,-0.97779626
1835,-0.82228726
1836,-0.8623277
1837,-0.8823383
1838,-0.99934727
1839,-0.78165317
1840,-0.9521404
1841,-0.5465826
1842,-0.49715105
1843,-0.9192295
1844,-0.95416224
1845,-0.72550374
1846,-0.46919197
1847,-0.7140581
1848,-1.1678189
1849,-1.1665134
1850,-0.75427574
1851,-0.6222762
1852,-0.6996758
1853,-0.855131
1854,-0.6858777
1855,-0.69549173
1856,-0.41488302
1857,-0.41474667
1858,-0.19700487
1859,-0.057759896
1860,-0.2538226
1861,-0.5399571
1862,-0.090121664
1863,-0.22711413
1864,-0.33506748
1865,0.15816364
1866,0.14827906
1867,-0.11965774
1868,0.09054083
1869,-0.27497676
1870,-0.07595855
1871,-0.7191198
1872,-0.55179936
1873,-0.4412958
1874,-0.4689517
1875,-0.5571041
1876,-0.31481144
1877,-0.7005344
1878,-0.79547423
1879,-0.4310039
1880,-0.9755022
1881,-0.5561108
1882,-0.7175401
1883,-0.95044667
1884,-0.67522514
1885,-0.5954023
1886,-0.98193026
1887,-0.73925257
1888,-0.78645545
1889,-0.55774176
1890,-0.88990384
1891,-0.5198135
1892,-0.54805464
1893,-0.74067616
1894,-0.8903237
1895,-0.76796114
1896,-0.8753535
1897,-1.0524151
1898,-0.88554215
1899,-0.6539881
1900,-0.6427031
1901,-0.8593849
1902,-0.8220795
1903,-0.54523563
1904,-0.44005433
1905,-0.6593913
1906,-0.69264466
1907,-0.7461454
1908,-0.7302507
1909,-0.7166375
1910,-1.015593
1911,-0.8714217
1912,-0.66040707
1913,-0.62047035
1914,-0.75519586
1915,-0.707044
1916,-0.707363
1917,-0.920342
1918,-0.69114673
1919,-0.68011945
1920,-0.86051047
1921,-0.7337352
1922,-0.45348486
1923,-0.8026123
1924,-0.8580072
1925,-0.80228704
1926,-0.57482654
1927,-0.29849207
1928,-0.6475441
1929,-0.87224525
1930,-0.9048592
1931,-0.74576443
1932,-0.7883719
1933,-0.84362984
1934,-0.94684887
1935,-0.72060215
1936,-0.55469006
1937,-0.60894597
1938,-0.929231
1939,-0.37850362
1940,-0.5546671
1941,-0.5087567
1942,-0.9540403
1943,-0.7160197
1944,-0.7369689
1945,-0.49150443
1946,-0.6748949
1947,-0.88034016
1948,-0.84411186
1949,-0.7885942
1950,-0.7539908
1951,-0.8443651
1952,-0.4489338
1953,-0.6530396
1954,-0.84586453
1955,-0.70088845
1956,-0.72397614
1957,-0.8361476
1958,-0.856879
1959,-0.7516355
1960,-0.60896903
1961,-0.8324339
1962,-0.7281304
1963,-0.59065783
1964,-0.7496695
1965,-0.8754939
1966,-0.67992276
1967,-0.7876133
1968,-1.0195003
1969,-0.97152287
1970,-0.9877841
1971,-0.7350463
1972,-0.87155914
1973,-0.8938063
1974,-0.8848928
1975,-0.78216183
1976,-0.6759397
1977,-0.920859
1978,-0.69468415
1979,-0.86607033
1980,-0.9127487
1981,-0.8809976
1982,-0.81235653
1983,-0.7690971
1984,-0.9589764
1985,-1.2338959
1986,-0.6864193
1987,-0.9499178
1988,-0.8209699
1989,-0.83180994
1990,-0.8666876
1991,-0.8202487
1992,-0.8002319
1993,-1.0528686
1994,-0.82132536
1995,-1.0166103
1996,-1.1657925
1997,-1.0732857
1998,-0.8839477
1999,-0.9470474
2000,-0.59842384
2001,-1.1545246
2002,-0.85073185
2003,-0.76057935
2004,-1.1302663
2005,-0.8340885
2006,-0.8145693
2007,-0.89392984
2008,-1.0003531
2009,-0.9340943
2010,-0.81501776
2011,-0.9917572
2012,-0.7462688
2013,-1.1474948
2014,-0.8629324
2015,-0.7123012
2016,-0.71311027
2017,-0.8100878
2018,-0.77876866
2019,-0.88722885
2020,-1.1356819
2021,-0.8876592
2022,-0.928323
2023,-0.8477324
2024,-0.9382081
2025,-1.0696367
2026,-0.9235353
2027,-0.7615572
2028,-1.2643614
2029,-1.1768775
2030,-1.0394549
2031,-1.1058049
2032,-0.88862276
2033,-0.7361601
2034,-0.8752545
2035,-0.72122926
2036,-1.0565354
2037,-0.82284653
2038,-0.7884323
2039,-0.66003877
2040,-1.0169715
2041,-1.07232
2042,-0.9215162
2043,-0.8461475
2044,-0.90564334
2045,-0.9507352
2046,-0.90194404
2047,-1.0156652
2048,-0.9910747
2049,-0.7128273
2050,-0.96055645
2051,-0.8802841
2052,-1.1137285
2053,-0.9323395
2054,-1.083742
2055,-1.1210023
2056,-0.6443836
2057,-0.88219774
2058,-1.0492088
2059,-0.87501156
2060,-1.18056
2061,-0.72383225
2062,-0.91355985
2063,-0.9143444
2064,-0.9723811
2065,-0.54831564
2066,-1.0931847
2067,-1.1445675
2068,-0.9050814
2069,-0.7321138
2070,-0.5581022
2071,-1.0394189
2072,-0.886643
2073,-0.6705823
2074,-1.0068725
2075,-1.0564599
2076,-1.0138296
2077,-0.9737269
2078,-0.75161815
2079,-1.0319706
2080,-1.0068026
2081,-0.72205573
2082,-0.8444185
2083,-0.80105174
2084,-0.41311896
2085,-0.8614524
2086,-0.88258976
2087,-0.7859653
2088,-1.2229676
2089,-0.9068573
2090,-0.75190234
2091,-0.9875086
2092,-0.7655269
2093,-0.9896368
2094,-1.0833526
2095,-0.87893856
2096,-0.67196506
2097,-0.8301047
2098,-0.7119883
2099,-1.1670853
2100,-0.9399189
2101,-0.9431229
2102,-0.8196608
2103,-0.93803114
2104,-0.5688908
2105,-0.5661241
2106,-0.9226836
2107,-0.77316016
2108,-0.65248185
2109,-0.70800465
2110,-0.9652576
2111,-0.530332
2112,-0.88000596
2113,-0.64344347
2114,-0.8626871
2115,-0.6169398
2116,-1.0070537
2117,-0.9448624
2118,-0.5922246
2119,-0.8898976
2120,-0.5273109
2121,-1.036226
2122,-0.598368
2123,-0.764814
2124,-0.5907541
2125,-0.33811027
2126,-0.47609797
2127,-0.51535887
2128,-0.4083442
2129,-0.35900384
2130,-0.13917439
2131,-0.16825955
2132,0.025297217
2133,0.020811357
2134,0.17205052
2135,-0.02119649
2136,-0.08362619
2137,0.2883889
2138,0.16594414
2139,0.05683847
2140,-0.22364306
2141,-0.15074402
2142,-0.11188659
2143,-0.40014946
2144,-0.50338656
2145,-0.52265763
2146,-0.6493892
2147,-0.6996328
2148,-0.6077933
2149,-0.6387871
2150,-0.7446108
2151,-0.5282139
2152,-0.6870991
2153,-0.7530385
2154,-0.4987099
2155,-0.42677054
2156,-1.1862949
2157,-0.69912577
2158,-0.66148967
2159,-0.6847371
2160,-0.5780058
2161,-0.9784185
2162,-0.6440516
2163,-0.8119991
2164,-0.7015895
2165,-0.6262835
2166,-0.9528925
2167,-0.52704227
2168,-0.67248493
2169,-0.5934222
2170,-0.5153444
2171,-0.85924673
2172,-0.5339798
2173,-0.93733853
2174,-0.63459384
2175,-0.6704833
2176,-0.6462983
2177,-0.789672
2178,-0.8149095
2179,-0.8715238
2180,-0.6494977
2181,-0.6986756
2182,-0.5050551
2183,-0.74809736
2184,-1.0050162
2185,-1.1018548
2186,-0.65859246
2187,-0.52526
2188,-0.73843825
2189,-0.8567513
2190,-0.75648165
2191,-0.59167475
2192,-0.7820416
2193,-0.7828887
2194,-0.51816905
2195,-0.9578495
2196,-0.5696454
2197,-0.6673435
2198,-0.88584656
2199,-0.41962156
2200,-1.260844
2201,-0.8283325
2202,-0.8612513
2203,-0.6121253
2204,-0.80096006
2205,-0.47693175
2206,-0.48296523
2207,-0.81737125
2208,-0.79169303
2209,-0.73021185
2210,-0.91095227
2211,-0.75994533
2212,-1.0489216
2213,-0.847294
2214,-0.76048315
2215,-1.0039105
2216,-0.6875667
2217,-0.7162973
2218,-0.82708895
2219,-0.75301075
2220,-1.0340015
2221,-0.6624562
2222,-0.9613814
2223,-0.90494573
2224,-0.757804
2225,-0.4370594
2226,-1.0378065
2227,-0.631187
2228,-0.8217147
2229,-1.0416204
2230,-0.7274025
2231,-0.6586872
2232,-0.7654889
2233,-0.87205434
2234,-0.9810178
2235,-1.0492576
2236,-0.70833915
2237,-0.95993805
2238,-0.5877731
2239,-0.7545844
2240,-1.0940329
2241,-0.7166936
2242,-0.60399574
2243,-0.7570801
2244,-0.55146354
2245,-0.6234814
2246,-1.2733289
2247,-1.0714098
2248,-0.75427157
2249,-0.9185504
2250,-0.83470327
2251,-1.1952747
2252,-0.5638398
2253,-0.8551092
2254,-0.9902173
2255,-0.77471745
2256,-0.9678866
2257,-1.0472672
2258,-1.1408604
2259,-0.9357059
2260,-0.95461345
2261,-0.841483
2262,-1.0849546
2263,-0.91103715
2264,-1.002758
2265,-1.2080926
2266,-1.1260282
2267,-1.1044482
2268,-0.7783037
2269,-0.98475134
2270,-1.1292351
2271,-0.9924853
2272,-0.99351937
2273,-0.7967477
2274,-0.70031434
2275,-0.9702397
2276,-0.9893099
2277,-0.9768727
2278,-1.0953778
2279,-0.63813615
2280,-0.7684626
2281,-1.0193472
2282,-0.6048026
2283,-0.9554596
2284,-0.98870194
2285,-0.74844575
2286,-1.3480241
2287,-0.98754835
2288,-0.76571995
2289,-1.2097512
2290,-0.8456202
2291,-1.0784873
2292,-1.0050343
2293,-0.9460108
2294,-0.9064513
2295,-0.5673151
2296,-0.67124754
2297,-0.83549017
2298,-0.83356583
2299,-1.101165
2300,-0.98126686
2301,-0.95094275
2302,-0.81288767
2303,-1.1363051
2304,-1.0057291
2305,-0.8339677
2306,-1.0986603
2307,-0.71169525
2308,-0.8734674
2309,-0.9838486
2310,-1.0714327
2311,-1.0007998
2312,-1.1573336
2313,-0.7898462
2314,-1.0564675
2315,-1.0133961
2316,-1.1463592
2317,-1.0265938
2318,-0.8858161
2319,-0.8410033
2320,-0.8532466
2321,-0.87721765
2322,-0.87216896
2323,-1.0209697
2324,-1.002213
2325,-0.6670823
2326,-0.94279414
2327,-1.2878679
2328,-0.94010764
2329,-0.78749794
2330,-1.0790973
2331,-0.84754604
2332,-0.6884202
2333,-0.6949937
2334,-0.89615756
2335,-0.7858994
2336,-1.2043917
2337,-0.9144667
2338,-1.0553176
2339,-1.1292028
2340,-0.9190888
2341,-0.81241196
2342,-0.7765314
2343,-0.94436544
2344,-0.76609373
2345,-1.0535806
2346,-0.96882015
2347,-1.0432612
2348,-0.8649554
2349,-1.1830779
2350,-0.98761165
2351,-0.6456316
2352,-0.6920604
2353,-0.8014362
2354,-0.8335116
2355,-0.82293284
2356,-0.8569796
2357,-1.017348
2358,-0.86748606
2359,-1.0211078
2360,-0.84821606
2361,-0.72387165
2362,-0.85610783
2363,-0.8449528
2364,-0.56083244
2365,-0.84144646
2366,-0.803241
2367,-0.9021496
2368,-0.9625747
2369,-0.63219005
2370,-1.1251634
2371,-0.9518225
2372,-0.80944794
2373,-0.69098246
2374,-1.0401436
2375,-0.89094007
2376,-0.44993165
2377,-0.6327602
2378,-0.8272216
2379,-0.9843887
2380,-0.8550955
2381,-0.7366553
2382,-0.97999316
2383,-0.656551
2384,-0.88505507
2385,-1.1946274
2386,-0.81643456
2387,-0.5493806
2388,-0.7288653
2389,-0.74160033
2390,-0.37750062
2391,-0.3509312
2392,-0.23524441
2393,-0.4258403
2394,-0.20049736
2395,-0.09072181
2396,-0.048329078
2397,0.2644034
2398,0.36076173
2399,0.51351106
2400,0.5866891
2401,0.4085246
2402,0.36294624
2403,0.07605518
2404,0.0998566
2405,-0.16759261
2406,-0.41715094
2407,0.00988912
2408,-0.24882007
2409,-0.4984902
2410,-0.63877505
2411,-1.012525
2412,-0.854717
2413,-0.6113144
2414,-0.5216555
2415,-0.4778509
2416,-0.45810947
2417,-0.55425745
2418,-0.8058019
2419,-0.76034915
2420,-0.587867
2421,-0.5642584
2422,-0.5704023
2423,-0.56212187
2424,-0.74421656
2425,-0.55818766
2426,-0.80172974
2427,-1.0257293
2428,-0.5128908
2429,-0.83434594
2430,-0.813922
2431,-0.562936
2432,-0.75764465
2433,-0.31029385
2434,-1.0308965
2435,-0.67944664
2436,-1.0088803
2437,-0.5562114
2438,-0.55808866
2439,-0.6174909
2440,-0.7023988
2441,-0.53963774
2442,-1.1420839
2443,-0.7432821
2444,-0.8872202
2445,-1.0559181
2446,-0.52253973
2447,-0.93468165
2448,-0.528964
2449,-0.605052
2450,-0.80484444
2451,-0.8506154
2452,-0.7817963
2453,-0.43940973
2454,-0.69750386
2455,-0.5861284
2456,-0.8710012
2457,-0.7352085
2458,-0.6606923
2459,-0.95039225
2460,-0.8154221
2461,-0.56931657
2462,-0.8116033
2463,-0.9953006
2464,-0.80513376
2465,-0.6118407
2466,-0.6397694
2467,-0.61952317
2468,-0.5159937
2469,-0.923229
2470,-0.4273743
2471,-1.0480332
2472,-0.7672703
2473,-0.6133869
2474,-0.91616094
2475,-0.7035492
2476,-0.68505514
2477,-0.46690392
2478,-0.8604552
2479,-0.5075114
2480,-0.64031005
2481,-0.87374854
2482,-1.1113106
2483,-0.72372025
2484,-0.5700041
2485,-0.793586
2486,-1.0085044
2487,-0.62181216
2488,-0.78021854
2489,-0.9805491
2490,-0.7287609
2491,-0.76969165
2492,-0.7030801
2493,-0.9890677
2494,-0.94626325
2495,-0.6128746
2496,-0.795232
2497,-0.48883453
2498,-0.7547974
2499,-0.8972597
2500,-0.78044945
2501,-0.6609914
2502,-0.8435968
2503,-1.029502
2504,-0.73829967
2505,-0.66946125
2506,-0.7957753
2507,-1.0292261
2508,-1.1509435
2509,-0.74273396
2510,-0.91799515
2511,-0.7988337
2512,-0.54244417
2513,-0.7806278
2514,-0.6449777
2515,-0.85872173
2516,-1.1687766
2517,-0.5931473
2518,-0.8720508
2519,-0.9617534
2520,-0.64971703
2521,-0.83952105
2522,-0.9425505
2523,-1.249578
2524,-0.82233554
2525,-0.8292351
2526,-1.0639343
2527,-0.7483265
2528,-1.0588523
2529,-0.9321708
2530,-0.85584766
2531,-0.76592916
2532,-0.8000383
2533,-0.91535676
2534,-1.4046911
2535,-0.7947699
2536,-0.54981947
2537,-0.8909554
2538,-0.9632114
2539,-0.6844713
2540,-0.57483286
2541,-1.0153495
2542,-0.9727028
2543,-1.1359556
2544,-0.73081666
2545,-0.95542943
2546,-1.0172735
2547,-0.9150418
2548,-1.1881534
2549,-0.98822594
2550,-0.7254289
2551,-1.109755
2552,-0.99164534
2553,-0.9747136
2554,-0.68060154
2555,-0.87716186
2556,-0.8430973
2557,-1.2243129
2558,-0.83205557
2559,-1.3362094
2560,-0.84336835
2561,-1.039886
2562,-0.6315138
2563,-0.773614
2564,-1.0272553
2565,-0.8299799
2566,-0.90253174
2567,-1.1632855
2568,-0.8445446
2569,-0.8396683
2570,-0.6713269
2571,-0.6441206
2572,-0.6697073
2573,-0.97088605
2574,-0.84299886
2575,-0.6310463
2576,-0.8919128
2577,-1.1086729
2578,-1.2090828
2579,-0.6645501
2580,-0.8468697
2581,-0.87310106
2582,-0.8000737
2583,-1.2619085
2584,-1.4542521
2585,-0.93633854
2586,-0.8999059
2587,-0.9353796
2588,-1.0637107
2589,-0.82955724
2590,-0.8799374
2591,-1.1471951
2592,-1.1595026
2593,-1.005817
2594,-1.2397786
2595,-0.7615073
2596,-0.77034223
2597,-0.922841
2598,-0.99681056
2599,-0.7248304
2600,-0.8829102
2601,-0.71929365
2602,-1.0945982
2603,-0.930439
2604,-0.92480356
2605,-0.8058848
2606,-0.8906277
2607,-0.88285375
2608,-0.71505654
2609,-1.1393832
2610,-1.2040783
2611,-0.7868372
2612,-0.87982565
2613,-0.90961707
2614,-0.9773803
2615,-1.027119
2616,-1.0167496
2617,-0.5582362
2618,-1.0548328
2619,-0.82997274
2620,-0.65611005
2621,-0.62021923
2622,-0.943261
2623,-0.82159084
2624,-0.84904283
2625,-0.8119667
2626,-0.66247714
2627,-0.87171555
2628,-1.1557807
2629,-0.99926233
2630,-0.5281531
2631,-0.4769819
2632,-1.244716
2633,-0.9741208
2634,-0.82227844
2635,-0.7622142
2636,-0.87686527
2637,-0.9663861
2638,-0.855164
2639,-0.73717386
2640,-0.60126966
2641,-0.7560696
2642,-0.80602217
2643,-0.9701612
2644,-0.5061199
2645,-0.8875643
2646,-0.7880128
2647,-1.0354863
2648,-0.7690061
2649,-0.71599305
2650,-1.0783682
2651,-0.7375574
2652,-0.7495532
2653,-0.6696708
2654,-0.69838613
2655,-0.5923441
2656,-0.46343094
2657,-0.2195959
2658,-0.20283166
2659,0.039273225
2660,0.08701187
2661,0.49848932
2662,0.48623657
2663,0.3966491
2664,0.78869635
2665,0.93025905
2666,0.7793931
2667,0.4142735
2668,0.72385424
2669,-0.0831614
2670,0.34099546
2671,0.058800984
2672,-0.19164361
2673,-0.04962313
2674,-0.1779615
2675,-0.54658633
2676,-0.4931154
2677,-0.5033749
2678,-0.81670296
2679,-0.7055764
2680,-0.6997568
2681,-0.70125395
2682,-0.72933817
2683,-0.656146
2684,-0.4343315
2685,-1.1479893
2686,-0.835357
2687,-0.32508764
2688,-0.6239391
2689,-0.72231203
2690,-0.5526427
2691,-0.7290138
2692,-0.724412
2693,-0.5920644
2694,-0.8409668
2695,-0.79234815
2696,-0.720688
2697,-0.6412444
2698,-1.0699375
2699,-0.5192179
2700,-0.79571426
2701,-0.55883586
2702,-0.90746367
2703,-0.7875925
2704,-0.75422007
2705,-0.516532
2706,-0.81972563
2707,-0.6098885
2708,-0.5816267
2709,-0.81290436
2710,-0.7988753
2711,-0.588669
2712,-0.6350858
2713,-0.6446058
2714,-0.6927583
2715,-0.6760111
2716,-0.98271996
2717,-0.5933781
2718,-0.7254765
2719,-0.8020242
2720,-0.30223948
2721,-1.1651
2722,-0.93241656
2723,-0.841834
2724,-0.56820935
2725,-0.80701965
2726,-0.8857838
2727,-0.48630747
2728,-0.58316815
2729,-0.84141856
2730,-0.6350067
2731,-0.9346071
2732,-0.4984124
2733,-1.0267321
2734,-0.40419608
2735,-0.3741194
2736,-0.6263426
2737,-0.4542443
2738,-0.8177713
2739,-0.5473401
2740,-1.136077
2741,-0.9866356
2742,-1.1396959
2743,-1.3077182
2744,-0.7859497
2745,-0.81375664
2746,-0.64743173
2747,-0.43820542
2748,-0.48374608
2749,-0.51190835
2750,-0.7671392
2751,-0.66205907
2752,-0.6303863
2753,-0.7562428
2754,-0.8335003
2755,-1.1487457
2756,-0.5889372
2757,-1.056708
2758,-0.85147095
2759,-0.86496884
2760,-0.6390947
2761,-0.99540335
2762,-0.69872767
2763,-0.93435866
2764,-0.8140646
2765,-0.4790309
2766,-0.7573215
2767,-0.63866496
2768,-1.3611151
2769,-0.81288695
2770,-0.9246248
2771,-1.0148492
2772,-0.37727818
2773,-0.31097242
2774,-0.50876826
2775,-0.641943
2776,-1.2725939
2777,-0.81183827
2778,-1.1394093
2779,-0.6909894
2780,-0.83416855
2781,-1.1321633
2782,-1.1962847
2783,-0.8981689
2784,-0.665441
2785,-1.4279361
2786,-0.7867555
2787,-0.5608471
2788,-0.54731774
2789,-0.7463203
2790,-0.8745942
2791,-0.8781072
2792,-0.93939376
2793,-0.83671826
2794,-0.6046472
2795,-1.1118435
2796,-1.2114949
2797,-1.0420222
2798,-0.8986133
2799,-1.017625
2800,-0.66573495
2801,-1.2463982
2802,-0.61272186
2803,-0.6661962
2804,-0.79039603
2805,-1.2631195
2806,-1.1598301
2807,-0.9551203
2808,-1.0163463
2809,-0.49975526
2810,-0.8923209
2811,-1.037542
2812,-0.8330181
2813,-0.46562213
2814,-1.3276858
2815,-1.1585077
2816,-1.2003751
2817,-1.1802657
2818,-0.76557314
2819,-1.1123457
2820,-1.330113
2821,-0.8173695
2822,-0.91832906
2823,-1.198803
2824,-1.1768425
2825,-0.72689486
2826,-0.8170537
2827,-0.8769639
2828,-0.32062835
2829,-0.86471075
2830,-1.0521839
2831,-1.1489106
2832,-1.266487
2833,-0.9221325
2834,-0.9123614
2835,-0.7168172
2836,-0.9954571
2837,-0.7513296
2838,-0.9921047
2839,-0.86165243
2840,-0.91290796
2841,-0.89823633
2842,-1.2328123
2843,-0.97972
2844,-0.5523867
2845,-1.0866873
2846,-0.8842025
2847,-0.5310804
2848,-1.0973241
2849,-0.97035277
2850,-0.7924122
2851,-0.8268024
2852,-1.019301
2853,-0.9520325
2854,-1.3397663
2855,-1.2193388
2856,-0.94313806
2857,-1.1018716
2858,-0.88629943
2859,-1.3003129
2860,-0.79047734
2861,-0.8941933
2862,-1.152889
2863,-1.1251457
2864,-0.41139835
2865,-0.91960144
2866,-1.1510867
2867,-0.9932131
2868,-0.7186125
2869,-1.213298
2870,-1.0539374
2871,-0.98969775
2872,-1.1222254
2873,-1.3267605
2874,-0.5133394
2875,-0.5970798
2876,-1.2340469
2877,-0.80109584
2878,-0.73264253
2879,-0.68358994
2880,-1.3730705
2881,-0.33497843
2882,-1.1809149
2883,-0.9624422
2884,-1.0187037
2885,-1.0115546
2886,-0.119654715
2887,-1.0003833
2888,-0.841385
2889,-1.1547389
2890,-1.0511125
2891,-1.0734318
2892,-0.9381571
2893,-0.89652014
2894,-1.1382606
2895,-0.6385386
2896,-0.83491105
2897,-1.381669
2898,-0.75014716
2899,-0.7867405
2900,-1.2746682
2901,-0.53067166
2902,-1.0640572
2903,-0.5305887
2904,-0.7162321
2905,-0.5801893
2906,-0.9510915
2907,-1.019031
2908,-0.843038
2909,-0.2856236
2910,-0.91412526
2911,-1.1080141
2912,-1.0669316
2913,-0.56698596
2914,-0.44948977
2915,-0.2216161
2916,-0.39969137
2917,-0.48974234
2918,-1.2240317
2919,-0.8338157
2920,-0.3541842
2921,-0.63864607
2922,0.24872136
2923,0.49116218
2924,1.3758194
2925,2.2895381
2926,3.3436632
2927,3.8090987
2928,4.6599364
2929,5.2352943
2930,5.476999
2931,5.4368167
2932,4.4604855
2933,3.78357
2934,2.9661136
2935,2.3169744
2936,1.0278777
2937,1.0954071
2938,0.13692863
2939,-0.28426164
2940,-0.6370444
2941,-0.4180016
2942,-0.6046688
2943,-0.7322916
2944,-1.145424
2945,-0.8359169
2946,-1.1479007
2947,-0.7440486
2948,-0.25526366
2949,-0.55545926
2950,-0.19369349
2951,-0.8299015
2952,-0.44410375
2953,-0.42278525
2954,-0.5807557
2955,-0.8266334
2956,-0.20874128
2957,-0.49506652
2958,-0.8452424
2959,-1.0516263
2960,-0.38535413
2961,-0.7800637
2962,-0.45202425
2963,-1.19806
2964,-0.33635354
2965,-0.6936199
2966,-0.3766201
2967,-0.54706275
2968,-0.14765675
2969,-1.3102218
2970,-0.82075256
2971,-1.0423932
2972,-0.7391236
2973,-0.9676232
2974,-0.78229105
2975,-0.77825236
2976,-0.9925688
2977,-0.8043571
2978,-0.18141113
2979,-0.64432156
2980,-1.0143424
2981,-0.8455057
2982,-0.6168808
2983,-0.36265254
2984,-1.4208604
2985,-0.22333956
2986,-0.57983005
2987,-0.8613453
2988,-0.5572166
2989,-0.32901153
2990,-0.59526974
2991,-0.9722485
2992,-0.45338756
2993,-0.06886915
2994,0.09330642
2995,0.053476978
2996,0.43337372
2997,0.9728784
2998,0.9798701
2999,0.7296426
3000,0.1887029
3001,1.0372366
3002,0.9446678
3003,0.30474606
3004,0.581066
3005,0.13887276
3006,-0.034858152
3007,-0.9977967
3008,-0.089987546
3009,-0.99946535
3010,-0.054281376
3011,-1.1190994
3012,-0.12395537
3013,-1.057492
3014,-1.0108349
3015,0.18557777
3016,-0.9282586
3017,-0.49030274
3018,-1.2093946
3019,-0.566946
3020,-1.5188767
3021,-0.4814172
3022,-0.61943525
3023,-0.33351323
3024,-0.8990747
3025,-1.0407362
3026,-0.5719857
3027,-0.88480866
3028,-0.5976833
3029,-0.43888178
3030,-0.28307992
3031,-0.34997818
3032,-0.48094907
3033,-0.84964985
3034,0.37183765
3035,0.43314743
3036,1.165304
3037,1.0983052
3038,1.135669
3039,1.9819239
3040,1.335081
3041,1.1034434
3042,1.9390049
3043,0.73697436
3044,0.40751964
3045,-0.32825845
3046,-0.20575753
3047,-1.0245222
3048,-0.40252393
3049,-0.12738164
3050,-1.2851301
3051,-0.57516134
3052,-1.2883376
3053,-1.0357174
3054,-0.04964993
3055,-0.9624164
3056,-1.1463844
3057,-0.47419474
3058,-0.85665303
3059,-0.7639085
3060,-1.705497
3061,-0.6423958
3062,-0.81714016
3063,-0.7781991
3064,-0.6680588
3065,-1.3043509
3066,-0.23230742
3067,-0.922
3068,-1.2854904
3069,-0.68736017
3070,-1.1410179
3071,-0.21583146
3072,-1.219616
3073,-1.2658596
3074,-0.87614393
3075,-0.70011896
3076,-1.0696801
3077,-0.88747627
3078,-0.6817297
3079,-1.5056776
3080,-1.6670632
3081,0.47717935
3082,-1.6686928
3083,-1.3482152
3084,-1.1752772
3085,-1.492867
3086,-0.3532933
3087,-1.0460613
3088,-0.7767826
3089,-0.0052874824
3090,-0.99207556
3091,-1.9072112
3092,-0.9208611
3093,-1.6549526
3094,-0.62745655
3095,-1.378569
3096,-2.0462222
3097,-0.7605033
3098,-0.69321185
3099,-0.4382674
3100,-1.1859823
3101,-0.7976404
3102,-0.30688915
3103,-0.17005666
3104,-1.3310319
3105,-1.0207294
3106,-0.3022994
3107,-1.1954597
3108,-1.7568972
3109,-1.466703
3110,-1.6954917
3111,-0.22266684
3112,-1.2085633
3113,-0.6418681
3114,-0.5480741
3115,-1.5157872
3116,-0.30959076
3117,-0.50966287
3118,-1.582115
3119,-0.77183264
3120,-0.15019965
3121,-1.184841
3122,-1.467306
3123,-0.4268098
3124,-0.88642895
3125,-0.20900169
3126,-1.333985
3127,-1.1896949
3128,-0.6669022
3129,-1.1748551
3130,-0.2613162
3131,-0.57837415
3132,-1.3441914
3133,-1.1585705
3134,-1.3551219
3135,-0.56473446
3136,-0.97725207
3137,-1.1231316
3138,-0.97799027
3139,-0.007522941
3140,-0.8141191
3141,-1.0097847
3142,-0.28320667
3143,-0.6782662
3144,-1.0455366
3145,-1.7201151
3146,-0.6912194
3147,-0.7610847
3148,-1.2492379
3149,-0.823761
3150,-1.2642633
3151,-0.008792903
3152,-1.2233521
3153,-1.4673082
3154,-0.8424954
3155,-0.83782107
3156,-0.9398675
3157,-0.48012927
3158,-0.7550894
3159,-0.9622567
3160,-0.69741255
3161,-1.0179989
3162,-0.9055553
3163,-1.6157012
3164,0.057304863
3165,-1.1854583
3166,-0.9056389
3167,-1.303868
3168,-1.2331244
3169,-0.8662437
3170,-0.23121926
3171,-1.6581167
3172,-0.3971867
3173,-1.5867981
3174,0.40998283
3175,-0.86458457
3176,-1.4970753
3177,-1.3967415
3178,-0.18621905
3179,-0.089802474
3180,-0.24486141
3181,-0.8990918
3182,0.70197856
3183,0.099199496
3184,0.28082478
3185,0.48460963
3186,0.7837578
3187,0.55749583
3188,1.9076188
3189,1.4892548
3190,1.6989683
3191,2.7836242
3192,2.2683845
3193,3.671053
3194,2.542367
3195,0.9624078
3196,0.1814125
